experiment,line,format,well,pool,barcode,seq_type,date_sequenced,sequence_platform,index,path,ID,location,hilo,loc_hilo,Notes
f17,SA_1H,plate,H1,1,TTACTCCAG,wgs,7/1/18,Illumina_hiseq,1,/group/runciegrp/Projects/HiLo_WGS,WGS_LR_P1_1,SA,H,SA_H,
f17,SA_2H,plate,G1,1,TTAGGAGCT,wgs,7/1/18,Illumina_hiseq,2,/group/runciegrp/Projects/HiLo_WGS,WGS_LR_P1_2,SA,H,SA_H,
f17,SA_3H,plate,F1,1,TCAGGTTCA,wgs,7/1/18,Illumina_hiseq,3,/group/runciegrp/Projects/HiLo_WGS,WGS_LR_P1_3,SA,H,SA_H,
f17,SA_4H,plate,E1,1,TAAGACCGT,wgs,7/1/18,Illumina_hiseq,4,/group/runciegrp/Projects/HiLo_WGS,WGS_LR_P1_4,SA,H,SA_H,
f17,SA_6H,plate,D1,1,TTACGGTCT,wgs,7/1/18,Illumina_hiseq,5,/group/runciegrp/Projects/HiLo_WGS,WGS_LR_P1_5,SA,H,SA_H,
f17,SA_7H,plate,C1,1,TTTCCAGGT,wgs,7/1/18,Illumina_hiseq,6,/group/runciegrp/Projects/HiLo_WGS,WGS_LR_P1_6,SA,H,SA_H,
f17,SA_8H,plate,B1,1,TTCGTCTGA,wgs,7/1/18,Illumina_hiseq,7,/group/runciegrp/Projects/HiLo_WGS,WGS_LR_P1_7,SA,H,SA_H,
f17,SA_9H,plate,A1,1,TTTACCGAC,wgs,7/1/18,Illumina_hiseq,8,/group/runciegrp/Projects/HiLo_WGS,WGS_LR_P1_8,SA,H,SA_H,
f17,SA_10H,plate,H2,1,TGGAAGAGA,wgs,7/1/18,Illumina_hiseq,9,/group/runciegrp/Projects/HiLo_WGS,WGS_LR_P1_9,SA,H,SA_H,
f17,SA_14H,plate,G2,1,TCGAATTGC,wgs,7/1/18,Illumina_hiseq,10,/group/runciegrp/Projects/HiLo_WGS,WGS_LR_P1_10,SA,H,SA_H,
f17,SA_15H,plate,F2,1,TGAACGAAG,wgs,7/1/18,Illumina_hiseq,11,/group/runciegrp/Projects/HiLo_WGS,WGS_LR_P1_11,SA,H,SA_H,
f17,SA_16H,plate,E2,1,TTTGCGAGA,wgs,7/1/18,Illumina_hiseq,12,/group/runciegrp/Projects/HiLo_WGS,WGS_LR_P1_12,SA,H,SA_H,
f17,SA_17H,plate,D2,1,TCCAGTATC,wgs,7/1/18,Illumina_hiseq,13,/group/runciegrp/Projects/HiLo_WGS,WGS_LR_P1_13,SA,H,SA_H,
f17,SA_19H,plate,C2,1,TTCATCTCC,wgs,7/1/18,Illumina_hiseq,14,/group/runciegrp/Projects/HiLo_WGS,WGS_LR_P1_14,SA,H,SA_H,
f17,SA_20H,plate,B2,1,TAGCCTATC,wgs,7/1/18,Illumina_hiseq,15,/group/runciegrp/Projects/HiLo_WGS,WGS_LR_P1_15,SA,H,SA_H,
f17,SA_21H,plate,A2,1,TAGTGACCT,wgs,7/1/18,Illumina_hiseq,16,/group/runciegrp/Projects/HiLo_WGS,WGS_LR_P1_16,SA,H,SA_H,
f17,SA_22H,plate,H3,1,TGCGTTAGA,wgs,7/1/18,Illumina_hiseq,17,/group/runciegrp/Projects/HiLo_WGS,WGS_LR_P1_17,SA,H,SA_H,
f17,SA_23H,plate,G3,1,TGTCCTAAG,wgs,7/1/18,Illumina_hiseq,18,/group/runciegrp/Projects/HiLo_WGS,WGS_LR_P1_18,SA,H,SA_H,
f17,SA_24H,plate,F3,1,TCTCAGAAG,wgs,7/1/18,Illumina_hiseq,19,/group/runciegrp/Projects/HiLo_WGS,WGS_LR_P1_19,SA,H,SA_H,
f17,SA_25H,plate,E3,1,TGCAATTCC,wgs,7/1/18,Illumina_hiseq,20,/group/runciegrp/Projects/HiLo_WGS,WGS_LR_P1_20,SA,H,SA_H,
f17,SA_26H,plate,D3,1,TTCTACGCA,wgs,7/1/18,Illumina_hiseq,21,/group/runciegrp/Projects/HiLo_WGS,WGS_LR_P1_21,SA,H,SA_H,
f17,SA_27H,plate,C3,1,TGAGAGTAC,wgs,7/1/18,Illumina_hiseq,22,/group/runciegrp/Projects/HiLo_WGS,WGS_LR_P1_22,SA,H,SA_H,
f17,SA_28H,plate,B3,1,TCTGTACCA,wgs,7/1/18,Illumina_hiseq,23,/group/runciegrp/Projects/HiLo_WGS,WGS_LR_P1_23,SA,H,SA_H,
f17,SA_29H,plate,A3,1,TTCGGATTC,wgs,7/1/18,Illumina_hiseq,24,/group/runciegrp/Projects/HiLo_WGS,WGS_LR_P1_24,SA,H,SA_H,
f17,SA_30H,plate,H4,1,TATCTGACC,wgs,7/1/18,Illumina_hiseq,25,/group/runciegrp/Projects/HiLo_WGS,WGS_LR_P1_25,SA,H,SA_H,
f17,SA_32H,plate,G4,1,TCTTAGGAC,wgs,7/1/18,Illumina_hiseq,26,/group/runciegrp/Projects/HiLo_WGS,WGS_LR_P1_26,SA,H,SA_H,
f17,SA_1L,plate,F4,1,TCATGAGCA,wgs,7/1/18,Illumina_hiseq,27,/group/runciegrp/Projects/HiLo_WGS,WGS_LR_P1_27,SA,L,SA_L,
f17,SA_2L,plate,E4,1,TGAATCCGT,wgs,7/1/18,Illumina_hiseq,28,/group/runciegrp/Projects/HiLo_WGS,WGS_LR_P1_28,SA,L,SA_L,
f17,SA_3L,plate,D4,1,TGTAACCGA,wgs,7/1/18,Illumina_hiseq,29,/group/runciegrp/Projects/HiLo_WGS,WGS_LR_P1_29,SA,L,SA_L,
f17,SA_4L,plate,C4,1,TGTCGTTAC,wgs,7/1/18,Illumina_hiseq,30,/group/runciegrp/Projects/HiLo_WGS,WGS_LR_P1_30,SA,L,SA_L,
f17,SA_6L,plate,B4,1,TAGACCTTG,wgs,7/1/18,Illumina_hiseq,31,/group/runciegrp/Projects/HiLo_WGS,WGS_LR_P1_31,SA,L,SA_L,
f17,SA_7L,plate,A4,1,TCAAGGTAC,wgs,7/1/18,Illumina_hiseq,32,/group/runciegrp/Projects/HiLo_WGS,WGS_LR_P1_32,SA,L,SA_L,
f17,SA_8L,plate,H5,1,TAACCAGAG,wgs,7/1/18,Illumina_hiseq,33,/group/runciegrp/Projects/HiLo_WGS,WGS_LR_P1_33,SA,L,SA_L,
f17,SA_9L,plate,G5,1,TTCCACGTT,wgs,7/1/18,Illumina_hiseq,34,/group/runciegrp/Projects/HiLo_WGS,WGS_LR_P1_34,SA,L,SA_L,
f17,SA_10L,plate,F5,1,TGACGAACT,wgs,7/1/18,Illumina_hiseq,35,/group/runciegrp/Projects/HiLo_WGS,WGS_LR_P1_35,SA,L,SA_L,
f17,SA_14L,plate,E5,1,TCCGCTTAA,wgs,7/1/18,Illumina_hiseq,36,/group/runciegrp/Projects/HiLo_WGS,WGS_LR_P1_36,SA,L,SA_L,
f17,SA_15L,plate,D5,1,TGACGTCAT,wgs,7/1/18,Illumina_hiseq,37,/group/runciegrp/Projects/HiLo_WGS,WGS_LR_P1_37,SA,L,SA_L,
f17,SA_16L,plate,C5,1,TGGAGGAAT,wgs,7/1/18,Illumina_hiseq,38,/group/runciegrp/Projects/HiLo_WGS,WGS_LR_P1_38,SA,L,SA_L,
f17,SA_17L,plate,B5,1,TAGGATAGC,wgs,7/1/18,Illumina_hiseq,39,/group/runciegrp/Projects/HiLo_WGS,WGS_LR_P1_39,SA,L,SA_L,
f17,SA_19L,plate,A5,1,TTCCTCATG,wgs,7/1/18,Illumina_hiseq,40,/group/runciegrp/Projects/HiLo_WGS,WGS_LR_P1_40,SA,L,SA_L,
f17,SA_27L,plate,A6,1,TGTCAGTCA,wgs,7/1/18,Illumina_hiseq,41,/group/runciegrp/Projects/HiLo_WGS,WGS_LR_P1_41,SA,L,SA_L,
f17,Mex_18L,tube_1,tube_1,1,TCCAAGGTT,wgs,7/1/18,Illumina_hiseq,42,/group/runciegrp/Projects/HiLo_WGS,WGS_LR_P1_42,Mex,L,Mex_L,
f17,Mex_19L,tube_2,tube_2,1,TGAACGGTT,wgs,7/1/18,Illumina_hiseq,43,/group/runciegrp/Projects/HiLo_WGS,WGS_LR_P1_43,Mex,L,Mex_L,
f17,Mex_20L,tube_3,tube_3,1,TCCAGTTGA,wgs,7/1/18,Illumina_hiseq,44,/group/runciegrp/Projects/HiLo_WGS,WGS_LR_P1_44,Mex,L,Mex_L,
f17,Mex_22L,tube_4,tube_4,1,TGTCATCGT,wgs,7/1/18,Illumina_hiseq,45,/group/runciegrp/Projects/HiLo_WGS,WGS_LR_P1_45,Mex,L,Mex_L,
f17,Mex_23L,tube_5,tube_5,1,TCAATGCGA,wgs,7/1/18,Illumina_hiseq,46,/group/runciegrp/Projects/HiLo_WGS,WGS_LR_P1_46,Mex,L,Mex_L,
f17,Mex_24L,tube_6,tube_6,1,TGGTTGAAC,wgs,7/1/18,Illumina_hiseq,47,/group/runciegrp/Projects/HiLo_WGS,WGS_LR_P1_47,Mex,L,Mex_L,
f17,Mex_25L,tube_7,tube_7,1,TCTTCGGTT,wgs,7/1/18,Illumina_hiseq,48,/group/runciegrp/Projects/HiLo_WGS,WGS_LR_P1_48,Mex,L,Mex_L,
f17,Mex_26L,tube_8,tube_8,1,TCGGCATTA,wgs,7/1/18,Illumina_hiseq,49,/group/runciegrp/Projects/HiLo_WGS,WGS_LR_P1_49,Mex,L,Mex_L,
f17,Mex_28L,tube_9,tube_9,1,TCACGCAAT,wgs,7/1/18,Illumina_hiseq,50,/group/runciegrp/Projects/HiLo_WGS,WGS_LR_P1_50,Mex,L,Mex_L,
f17,Mex_29L,tube_10,tube_10,1,TGGAATGTC,wgs,7/1/18,Illumina_hiseq,51,/group/runciegrp/Projects/HiLo_WGS,WGS_LR_P1_51,Mex,L,Mex_L,
f17,Mex_30L,tube_11,tube_11,1,TTGGTGAAG,wgs,7/1/18,Illumina_hiseq,52,/group/runciegrp/Projects/HiLo_WGS,WGS_LR_P1_52,Mex,L,Mex_L,
f17,Mex_31L,tube_12,tube_12,1,TGGACATCA,wgs,7/1/18,Illumina_hiseq,53,/group/runciegrp/Projects/HiLo_WGS,WGS_LR_P1_53,Mex,L,Mex_L,
f17,SA_20L,plate,H6,2,TGTACCACA,wgs,7/1/18,Illumina_hiseq,1,/group/runciegrp/Projects/HiLo_WGS,WGS_LR_P2_1,SA,L,SA_L,
f17,SA_21L,plate,G6,2,TCAACACAG,wgs,7/1/18,Illumina_hiseq,2,/group/runciegrp/Projects/HiLo_WGS,WGS_LR_P2_2,SA,L,SA_L,
f17,SA_22L,plate,F6,2,TAGACGCTA,wgs,7/1/18,Illumina_hiseq,3,/group/runciegrp/Projects/HiLo_WGS,WGS_LR_P2_3,SA,L,SA_L,
f17,SA_23L,plate,E6,2,TTACCTGCA,wgs,7/1/18,Illumina_hiseq,4,/group/runciegrp/Projects/HiLo_WGS,WGS_LR_P2_4,SA,L,SA_L,
f17,SA_24L,plate,D6,2,TCTTACAGC,wgs,7/1/18,Illumina_hiseq,5,/group/runciegrp/Projects/HiLo_WGS,WGS_LR_P2_5,SA,L,SA_L,
f17,SA_25L,plate,C6,2,TAGGAACAC,wgs,7/1/18,Illumina_hiseq,6,/group/runciegrp/Projects/HiLo_WGS,WGS_LR_P2_6,SA,L,SA_L,
f17,SA_26L,plate,B6,2,TCCTTCCAT,wgs,7/1/18,Illumina_hiseq,7,/group/runciegrp/Projects/HiLo_WGS,WGS_LR_P2_7,SA,L,SA_L,
f17,SA_28L,plate,H7,2,TGGTATAGG,wgs,7/1/18,Illumina_hiseq,8,/group/runciegrp/Projects/HiLo_WGS,WGS_LR_P2_8,SA,L,SA_L,
f17,SA_29L,plate,G7,2,TGCCTTAAC,wgs,7/1/18,Illumina_hiseq,9,/group/runciegrp/Projects/HiLo_WGS,WGS_LR_P2_9,SA,L,SA_L,
f17,SA_30L,plate,F7,2,TATAACGCC,wgs,7/1/18,Illumina_hiseq,10,/group/runciegrp/Projects/HiLo_WGS,WGS_LR_P2_10,SA,L,SA_L,
f17,SA_32L,plate,E7,2,TGTCGATTG,wgs,7/1/18,Illumina_hiseq,11,/group/runciegrp/Projects/HiLo_WGS,WGS_LR_P2_11,SA,L,SA_L,
f17,Mex_1L,plate,D7,2,TTCCATTGC,wgs,7/1/18,Illumina_hiseq,12,/group/runciegrp/Projects/HiLo_WGS,WGS_LR_P2_12,Mex,H,Mex_L,was Mex_1H
f17,Mex_2H,plate,C7,2,TCAGTGCTT,wgs,7/1/18,Illumina_hiseq,13,/group/runciegrp/Projects/HiLo_WGS,WGS_LR_P2_13,Mex,H,Mex_H,
f17,Mex_3H,plate,B7,2,TGTCCTTGA,wgs,7/1/18,Illumina_hiseq,14,/group/runciegrp/Projects/HiLo_WGS,WGS_LR_P2_14,Mex,H,Mex_H,
f17,Mex_4H,plate,A7,2,TCGAATACG,wgs,7/1/18,Illumina_hiseq,15,/group/runciegrp/Projects/HiLo_WGS,WGS_LR_P2_15,Mex,H,Mex_H,
f17,Mex_5H,plate,H8,2,TCGAGAGAA,wgs,7/1/18,Illumina_hiseq,16,/group/runciegrp/Projects/HiLo_WGS,WGS_LR_P2_16,Mex,H,Mex_H,
f17,Mex_6H,plate,G8,2,TGTAAGGTG,wgs,7/1/18,Illumina_hiseq,17,/group/runciegrp/Projects/HiLo_WGS,WGS_LR_P2_17,Mex,H,Mex_H,
f17,Mex_7H,plate,F8,2,TGAATCACC,wgs,7/1/18,Illumina_hiseq,18,/group/runciegrp/Projects/HiLo_WGS,WGS_LR_P2_18,Mex,H,Mex_H,
f17,Mex_8H,plate,E8,2,TTATGGCAC,wgs,7/1/18,Illumina_hiseq,19,/group/runciegrp/Projects/HiLo_WGS,WGS_LR_P2_19,Mex,H,Mex_H,
f17,Mex_9H,plate,D8,2,TAGCGAGAT,wgs,7/1/18,Illumina_hiseq,20,/group/runciegrp/Projects/HiLo_WGS,WGS_LR_P2_20,Mex,H,Mex_H,
f17,Mex_10H,plate,C8,2,TCTTGCTAG,wgs,7/1/18,Illumina_hiseq,21,/group/runciegrp/Projects/HiLo_WGS,WGS_LR_P2_21,Mex,H,Mex_H,
f17,Mex_11H,plate,B8,2,TTGCGTAAC,wgs,7/1/18,Illumina_hiseq,22,/group/runciegrp/Projects/HiLo_WGS,WGS_LR_P2_22,Mex,H,Mex_H,
f17,Mex_12H,plate,A8,2,TTCTAGGAG,wgs,7/1/18,Illumina_hiseq,23,/group/runciegrp/Projects/HiLo_WGS,WGS_LR_P2_23,Mex,H,Mex_H,
f17,Mex_13H,plate,H9,2,TCAGCATAC,wgs,7/1/18,Illumina_hiseq,24,/group/runciegrp/Projects/HiLo_WGS,WGS_LR_P2_24,Mex,H,Mex_H,
f17,Mex_14H,plate,G9,2,TAGCTACCA,wgs,7/1/18,Illumina_hiseq,25,/group/runciegrp/Projects/HiLo_WGS,WGS_LR_P2_25,Mex,H,Mex_H,
f17,Mex_15H,plate,F9,2,TGGCAAGTT,wgs,7/1/18,Illumina_hiseq,26,/group/runciegrp/Projects/HiLo_WGS,WGS_LR_P2_26,Mex,H,Mex_H,
f17,Mex_16H,plate,E9,2,TCTCGAACA,wgs,7/1/18,Illumina_hiseq,27,/group/runciegrp/Projects/HiLo_WGS,WGS_LR_P2_27,Mex,H,Mex_H,
f17,Mex_17H,plate,D9,2,TCAATAGCC,wgs,7/1/18,Illumina_hiseq,28,/group/runciegrp/Projects/HiLo_WGS,WGS_LR_P2_28,Mex,H,Mex_H,
f17,Mex_18H,plate,C9,2,TTGGAAGCA,wgs,7/1/18,Illumina_hiseq,29,/group/runciegrp/Projects/HiLo_WGS,WGS_LR_P2_29,Mex,H,Mex_H,
f17,Mex_19H,plate,B9,2,TCACAGACT,wgs,7/1/18,Illumina_hiseq,30,/group/runciegrp/Projects/HiLo_WGS,WGS_LR_P2_30,Mex,H,Mex_H,
f17,Mex_20H,plate,A9,2,TCGCAACTA,wgs,7/1/18,Illumina_hiseq,31,/group/runciegrp/Projects/HiLo_WGS,WGS_LR_P2_31,Mex,H,Mex_H,
f17,Mex_22H,plate,H10,2,TCTCGACTT,wgs,7/1/18,Illumina_hiseq,32,/group/runciegrp/Projects/HiLo_WGS,WGS_LR_P2_32,Mex,H,Mex_H,
f17,Mex_23H,plate,G10,2,TCTTCACTG,wgs,7/1/18,Illumina_hiseq,33,/group/runciegrp/Projects/HiLo_WGS,WGS_LR_P2_33,Mex,H,Mex_H,
f17,Mex_24H,plate,F10,2,TGATCTTGC,wgs,7/1/18,Illumina_hiseq,34,/group/runciegrp/Projects/HiLo_WGS,WGS_LR_P2_34,Mex,H,Mex_H,
f17,Mex_25H,plate,E10,2,TCAACTCCA,wgs,7/1/18,Illumina_hiseq,35,/group/runciegrp/Projects/HiLo_WGS,WGS_LR_P2_35,Mex,H,Mex_H,
f17,Mex_26H,plate,D10,2,TAAGACACC,wgs,7/1/18,Illumina_hiseq,36,/group/runciegrp/Projects/HiLo_WGS,WGS_LR_P2_36,Mex,H,Mex_H,
f17,Mex_28H,plate,C10,2,TAGCTAAGC,wgs,7/1/18,Illumina_hiseq,37,/group/runciegrp/Projects/HiLo_WGS,WGS_LR_P2_37,Mex,H,Mex_H,
f17,Mex_29H,plate,B10,2,TTTACGTGC,wgs,7/1/18,Illumina_hiseq,38,/group/runciegrp/Projects/HiLo_WGS,WGS_LR_P2_38,Mex,H,Mex_H,
f17,Mex_30H,plate,A10,2,TCGTATCTC,wgs,7/1/18,Illumina_hiseq,39,/group/runciegrp/Projects/HiLo_WGS,WGS_LR_P2_39,Mex,H,Mex_H,
f17,Mex_1H,plate,H11,2,TCTTCGGTT,wgs,7/1/18,Illumina_hiseq,40,/group/runciegrp/Projects/HiLo_WGS,WGS_LR_P2_40,Mex,L,Mex_H,was Mex_1L
f17,Mex_3L,plate,G11,2,TGGTTGAAC,wgs,7/1/18,Illumina_hiseq,41,/group/runciegrp/Projects/HiLo_WGS,WGS_LR_P2_41,Mex,L,Mex_L,
f17,Mex_4L,plate,F11,2,TCAATGCGA,wgs,7/1/18,Illumina_hiseq,42,/group/runciegrp/Projects/HiLo_WGS,WGS_LR_P2_42,Mex,L,Mex_L,
f17,Mex_5L,plate,E11,2,TGTCATCGT,wgs,7/1/18,Illumina_hiseq,43,/group/runciegrp/Projects/HiLo_WGS,WGS_LR_P2_43,Mex,L,Mex_L,
f17,Mex_6L,plate,D11,2,TCCAGTTGA,wgs,7/1/18,Illumina_hiseq,44,/group/runciegrp/Projects/HiLo_WGS,WGS_LR_P2_44,Mex,L,Mex_L,
f17,Mex_7L,plate,C11,2,TGAACGGTT,wgs,7/1/18,Illumina_hiseq,45,/group/runciegrp/Projects/HiLo_WGS,WGS_LR_P2_45,Mex,L,Mex_L,
f17,Mex_8L,plate,B11,2,TCCAAGGTT,wgs,7/1/18,Illumina_hiseq,46,/group/runciegrp/Projects/HiLo_WGS,WGS_LR_P2_46,Mex,L,Mex_L,
f17,Mex_9L,plate,A11,2,TGTACACCT,wgs,7/1/18,Illumina_hiseq,47,/group/runciegrp/Projects/HiLo_WGS,WGS_LR_P2_47,Mex,L,Mex_L,
f17,Mex_10L,plate,H12,2,TCCACAACA,wgs,7/1/18,Illumina_hiseq,48,/group/runciegrp/Projects/HiLo_WGS,WGS_LR_P2_48,Mex,L,Mex_L,
f17,Mex_11L,plate,G12,2,TGATAGCCA,wgs,7/1/18,Illumina_hiseq,49,/group/runciegrp/Projects/HiLo_WGS,WGS_LR_P2_49,Mex,L,Mex_L,
f17,Mex_12L,plate,F12,2,TGGTGTACA,wgs,7/1/18,Illumina_hiseq,50,/group/runciegrp/Projects/HiLo_WGS,WGS_LR_P2_50,Mex,L,Mex_L,
f17,Mex_13L,plate,E12,2,TGGACATCA,wgs,7/1/18,Illumina_hiseq,51,/group/runciegrp/Projects/HiLo_WGS,WGS_LR_P2_51,Mex,L,Mex_L,
f17,Mex_14L,plate,D12,2,TTGGTGAAG,wgs,7/1/18,Illumina_hiseq,52,/group/runciegrp/Projects/HiLo_WGS,WGS_LR_P2_52,Mex,L,Mex_L,
f17,Mex_15L,plate,C12,2,TGGAATGTC,wgs,7/1/18,Illumina_hiseq,53,/group/runciegrp/Projects/HiLo_WGS,WGS_LR_P2_53,Mex,L,Mex_L,
f17,Mex_16L,plate,B12,2,TCACGCAAT,wgs,7/1/18,Illumina_hiseq,54,/group/runciegrp/Projects/HiLo_WGS,WGS_LR_P2_54,Mex,L,Mex_L,
f17,Mex_17L,plate,A12,2,TCGGCATTA,wgs,7/1/18,Illumina_hiseq,55,/group/runciegrp/Projects/HiLo_WGS,WGS_LR_P2_55,Mex,L,Mex_L,